x,y,layer1,layer2,voltage1,voltage2,current
136.304,2767.24,TOP_LAYER,BOTTOM_LAYER,0.00367023,0.00367077,-0.000535473
136.304,3416.85,TOP_LAYER,BOTTOM_LAYER,0.00367767,0.00367856,-0.000874398
175.674,3712.12,TOP_LAYER,BOTTOM_LAYER,0.00368095,0.00368058,0.000371263
195.36,2127.48,TOP_LAYER,BOTTOM_LAYER,0.00366048,0.00365932,0.00113559
215.045,2767.24,TOP_LAYER,BOTTOM_LAYER,0.00367096,0.00367099,-3.36594e-05
234.73,3643.22,TOP_LAYER,BOTTOM_LAYER,0.00367993,0.00368023,-0.000303625
254.415,3416.85,TOP_LAYER,BOTTOM_LAYER,0.00367923,0.00367917,6.3793e-05
283.942,2127.48,TOP_LAYER,BOTTOM_LAYER,0.00365528,0.00365745,-0.00214286
303.627,3416.85,TOP_LAYER,BOTTOM_LAYER,0.00367932,0.00367934,-2.21172e-05
318.923,1277.93,TOP_LAYER,BOTTOM_LAYER,0.00359766,0.0035985,-0.00143223
318.923,1377.93,TOP_LAYER,BOTTOM_LAYER,0.00360011,0.00360071,-0.00102747
352.84,3416.85,TOP_LAYER,BOTTOM_LAYER,0.00367958,0.00367973,-0.000145347
402.052,473.932,TOP_LAYER,BOTTOM_LAYER,0.00355756,0.00356151,-0.00389436
402.052,3416.85,TOP_LAYER,BOTTOM_LAYER,0.00367974,0.00367997,-0.000218207
444.206,559.731,TOP_LAYER,BOTTOM_LAYER,0.00355611,0.00355471,0.00186004
451.265,670.782,TOP_LAYER,BOTTOM_LAYER,0.00355655,0.0035494,0.00704651
480.793,2452.28,TOP_LAYER,BOTTOM_LAYER,11.9684,11.9684,-0.00150085
480.793,2550.7,TOP_LAYER,BOTTOM_LAYER,11.9682,11.9682,-0.00205181
480.793,2649.13,TOP_LAYER,BOTTOM_LAYER,11.9679,11.9679,-0.00271821
480.793,2747.55,TOP_LAYER,BOTTOM_LAYER,11.9678,11.9678,-0.00322744
480.793,2845.98,TOP_LAYER,BOTTOM_LAYER,11.9676,11.9676,-0.00337959
500.478,759.365,TOP_LAYER,BOTTOM_LAYER,11.977,11.977,0.0248837
503.262,1169.97,TOP_LAYER,BOTTOM_LAYER,11.9757,11.9757,0.026894
503.262,1268.39,TOP_LAYER,BOTTOM_LAYER,11.975,11.975,0.0197347
503.262,1366.82,TOP_LAYER,BOTTOM_LAYER,11.9745,11.9745,0.020577
503.262,1465.24,TOP_LAYER,BOTTOM_LAYER,11.9738,11.9738,0.0321178
520.163,2924.72,TOP_LAYER,BOTTOM_LAYER,11.9676,11.9676,-0.00143902
579.218,2924.72,TOP_LAYER,BOTTOM_LAYER,11.9675,11.9675,-0.0036286
582.002,3443.59,TOP_LAYER,BOTTOM_LAYER,0.00368079,0.00368126,-0.000619458
579.218,3653.07,TOP_LAYER,BOTTOM_LAYER,0.00368395,0.00368288,0.0010578
638.273,2924.72,TOP_LAYER,BOTTOM_LAYER,11.9674,11.9674,-0.00687986
648.115,395.192,TOP_LAYER,BOTTOM_LAYER,0.00355563,0.00355958,-0.00390026
648.115,483.774,TOP_LAYER,BOTTOM_LAYER,0.00355347,0.00355115,0.00229206
648.115,562.514,TOP_LAYER,BOTTOM_LAYER,0.00355173,0.00354359,0.00802759
697.328,2924.72,TOP_LAYER,BOTTOM_LAYER,11.9674,11.9674,-0.0106319
756.383,759.365,TOP_LAYER,BOTTOM_LAYER,11.9778,11.9778,0.04078
759.167,1445.56,TOP_LAYER,BOTTOM_LAYER,11.9741,11.9741,0.0394906
759.167,1504.61,TOP_LAYER,BOTTOM_LAYER,11.9735,11.9734,0.0739627
759.167,1799.89,TOP_LAYER,BOTTOM_LAYER,11.9718,11.9717,0.109623
759.167,1858.94,TOP_LAYER,BOTTOM_LAYER,11.9711,11.971,0.0276598
759.167,1918,TOP_LAYER,BOTTOM_LAYER,11.9707,11.9707,0.00192646
759.167,2232.96,TOP_LAYER,BOTTOM_LAYER,11.9691,11.9691,-0.00305172
759.167,2292.01,TOP_LAYER,BOTTOM_LAYER,11.9688,11.9688,-0.00552892
759.167,2351.07,TOP_LAYER,BOTTOM_LAYER,11.9686,11.9686,-0.0101068
759.167,2666.03,TOP_LAYER,BOTTOM_LAYER,11.9677,11.9677,-0.00878821
759.167,2725.08,TOP_LAYER,BOTTOM_LAYER,11.9675,11.9675,-0.0143426
759.167,2784.14,TOP_LAYER,BOTTOM_LAYER,11.9674,11.9674,-0.0255674
756.383,2924.72,TOP_LAYER,BOTTOM_LAYER,11.9672,11.9672,-0.0236926
795.753,798.735,TOP_LAYER,BOTTOM_LAYER,11.978,11.9779,0.0543402
815.438,2924.72,TOP_LAYER,BOTTOM_LAYER,11.967,11.9671,-0.0390191
835.123,759.365,TOP_LAYER,BOTTOM_LAYER,11.9784,11.9783,0.0672688
835.123,838.105,TOP_LAYER,BOTTOM_LAYER,11.9782,11.9781,0.0951473
874.493,798.735,TOP_LAYER,BOTTOM_LAYER,11.9787,11.9785,0.123915
874.493,2097.95,TOP_LAYER,BOTTOM_LAYER,11.9694,11.9693,0.0470763
874.493,2531.02,TOP_LAYER,BOTTOM_LAYER,11.9676,11.9676,0.0292507
874.493,2924.72,TOP_LAYER,BOTTOM_LAYER,11.9667,11.9668,-0.0904441
894.178,1645.19,TOP_LAYER,BOTTOM_LAYER,11.9729,11.9726,0.241159
894.178,1861.73,TOP_LAYER,BOTTOM_LAYER,11.9699,11.9703,-0.389282
904.021,2235.74,TOP_LAYER,BOTTOM_LAYER,11.9684,11.9685,-0.167116
904.021,2294.8,TOP_LAYER,BOTTOM_LAYER,11.968,11.9681,-0.0782987
904.021,2353.85,TOP_LAYER,BOTTOM_LAYER,11.9679,11.968,-0.0753742
913.863,759.365,TOP_LAYER,BOTTOM_LAYER,11.9791,11.9789,0.175939
913.863,2058.58,TOP_LAYER,BOTTOM_LAYER,11.9694,11.9694,0.00850921
913.863,2491.65,TOP_LAYER,BOTTOM_LAYER,11.9676,11.9676,-0.0158945
916.647,3443.59,TOP_LAYER,BOTTOM_LAYER,0.00368393,0.00368454,-0.00081226
913.863,3653.07,TOP_LAYER,BOTTOM_LAYER,0.00368627,0.00368571,0.000555061
933.549,857.79,TOP_LAYER,BOTTOM_LAYER,11.9791,11.9788,0.293513
933.549,1605.82,TOP_LAYER,BOTTOM_LAYER,11.973,11.9728,0.167901
933.549,2924.72,TOP_LAYER,BOTTOM_LAYER,11.9665,11.9667,-0.154601
953.234,1861.73,TOP_LAYER,BOTTOM_LAYER,11.9699,11.9703,-0.371932
972.919,798.735,TOP_LAYER,BOTTOM_LAYER,11.9797,11.9793,0.40494
972.919,916.845,TOP_LAYER,BOTTOM_LAYER,11.9787,11.9784,0.275635
975.702,1268.39,TOP_LAYER,BOTTOM_LAYER,11.9753,11.9753,0.0297702
975.702,1366.82,TOP_LAYER,BOTTOM_LAYER,11.9747,11.9747,0.0156026
972.919,2255.43,TOP_LAYER,BOTTOM_LAYER,11.9681,11.9682,-0.161042
972.919,2688.5,TOP_LAYER,BOTTOM_LAYER,11.9667,11.9669,-0.160464
992.604,286.924,TOP_LAYER,BOTTOM_LAYER,0.00355667,0.00356045,-0.00372682
992.604,336.137,TOP_LAYER,BOTTOM_LAYER,0.00355596,0.00355975,-0.00374079
992.604,385.349,TOP_LAYER,BOTTOM_LAYER,0.0035538,0.00355871,-0.00483783
992.604,1920.78,TOP_LAYER,BOTTOM_LAYER,11.9697,11.9699,-0.265377
992.604,2353.85,TOP_LAYER,BOTTOM_LAYER,11.9677,11.9678,-0.134633
992.604,2786.92,TOP_LAYER,BOTTOM_LAYER,11.9664,11.9666,-0.172034
1019.41,840.332,TOP_LAYER,BOTTOM_LAYER,11.982,11.9802,5.59586
1012.29,1861.73,TOP_LAYER,BOTTOM_LAYER,11.9698,11.9702,-0.408726
1012.29,2294.8,TOP_LAYER,BOTTOM_LAYER,11.9678,11.968,-0.154321
1012.29,2727.87,TOP_LAYER,BOTTOM_LAYER,11.9665,11.9667,-0.15555
1031.97,798.735,TOP_LAYER,BOTTOM_LAYER,11.9799,11.9795,0.408964
1031.97,916.845,TOP_LAYER,BOTTOM_LAYER,11.9788,11.9786,0.267472
1031.97,1960.15,TOP_LAYER,BOTTOM_LAYER,11.9693,11.9696,-0.337738
1031.97,2393.22,TOP_LAYER,BOTTOM_LAYER,11.9673,11.9676,-0.265016
1031.97,2826.29,TOP_LAYER,BOTTOM_LAYER,11.966,11.9664,-0.335438
1051.66,1507.4,TOP_LAYER,BOTTOM_LAYER,11.9733,11.9734,-0.103846
1051.66,1901.1,TOP_LAYER,BOTTOM_LAYER,11.9696,11.9699,-0.341529
1051.66,2334.17,TOP_LAYER,BOTTOM_LAYER,11.9675,11.9677,-0.190201
1051.66,2767.24,TOP_LAYER,BOTTOM_LAYER,11.9663,11.9665,-0.208365
1071.34,759.365,TOP_LAYER,BOTTOM_LAYER,11.9795,11.9793,0.185966
1071.34,857.79,TOP_LAYER,BOTTOM_LAYER,11.9795,11.9792,0.294475
1074.13,1268.39,TOP_LAYER,BOTTOM_LAYER,11.9753,11.9753,0.0185957
1074.13,1366.82,TOP_LAYER,BOTTOM_LAYER,11.9747,11.9747,-0.00151673
1091.03,1940.47,TOP_LAYER,BOTTOM_LAYER,11.9693,11.9696,-0.365596
1091.03,2373.54,TOP_LAYER,BOTTOM_LAYER,11.9673,11.9675,-0.266466
1091.03,2806.61,TOP_LAYER,BOTTOM_LAYER,11.966,11.9663,-0.340036
1110.71,1507.4,TOP_LAYER,BOTTOM_LAYER,11.9733,11.9733,-0.0432412
1110.71,1635.35,TOP_LAYER,BOTTOM_LAYER,11.9726,11.9724,0.157525
1120.56,3544.8,TOP_LAYER,BOTTOM_LAYER,0.00368593,0.00368697,-0.00102358
1120.56,3623.54,TOP_LAYER,BOTTOM_LAYER,0.00368773,0.00368754,0.000184707
1130.4,759.365,TOP_LAYER,BOTTOM_LAYER,11.9792,11.9791,0.0747136
1130.4,838.105,TOP_LAYER,BOTTOM_LAYER,11.9789,11.9788,0.0821331
1130.4,916.845,TOP_LAYER,BOTTOM_LAYER,11.9784,11.9784,0.0714775
1130.4,995.585,TOP_LAYER,BOTTOM_LAYER,11.9778,11.9777,0.0535944
1150.08,1635.35,TOP_LAYER,BOTTOM_LAYER,11.9724,11.9724,-0.00921125
1150.08,1999.52,TOP_LAYER,BOTTOM_LAYER,11.9689,11.9694,-0.405512
1150.08,2432.59,TOP_LAYER,BOTTOM_LAYER,11.967,11.9673,-0.331849
1150.08,2865.66,TOP_LAYER,BOTTOM_LAYER,11.9656,11.9661,-0.521482
1159.93,395.192,TOP_LAYER,BOTTOM_LAYER,0.00355162,0.00355925,-0.00753016
1159.93,483.774,TOP_LAYER,BOTTOM_LAYER,0.00354302,0.00353069,0.0121554
1159.93,572.357,TOP_LAYER,BOTTOM_LAYER,0.00353799,0.00351317,0.0244699
1169.77,798.735,TOP_LAYER,BOTTOM_LAYER,11.979,11.9789,0.0437802
1169.77,877.475,TOP_LAYER,BOTTOM_LAYER,11.9786,11.9786,0.0435335
1169.77,956.215,TOP_LAYER,BOTTOM_LAYER,11.9781,11.978,0.0373718
1169.77,1034.96,TOP_LAYER,BOTTOM_LAYER,11.9774,11.9773,0.0358628
1172.55,1268.39,TOP_LAYER,BOTTOM_LAYER,11.9753,11.9753,0.0121145
1172.55,1366.82,TOP_LAYER,BOTTOM_LAYER,11.9747,11.9747,-0.00597109
1169.77,1507.4,TOP_LAYER,BOTTOM_LAYER,11.9733,11.9733,-0.0546
1179.61,1674.72,TOP_LAYER,BOTTOM_LAYER,11.9718,11.972,-0.129536
1179.61,1714.09,TOP_LAYER,BOTTOM_LAYER,11.9716,11.9717,-0.0559986
1179.61,2599.92,TOP_LAYER,BOTTOM_LAYER,11.966,11.9666,-0.606707
1189.45,2038.89,TOP_LAYER,BOTTOM_LAYER,11.9686,11.9691,-0.444199
1189.45,2166.85,TOP_LAYER,BOTTOM_LAYER,11.9678,11.9683,-0.46255
1189.45,2471.96,TOP_LAYER,BOTTOM_LAYER,11.9667,11.9671,-0.418371
1189.45,2905.03,TOP_LAYER,BOTTOM_LAYER,11.9652,11.9657,-0.465436
1189.45,3712.12,TOP_LAYER,BOTTOM_LAYER,0.00368911,0.003689,0.00010868
1248.51,3662.91,TOP_LAYER,BOTTOM_LAYER,0.00368908,0.00368906,2.06303e-05
1270.98,776.266,TOP_LAYER,BOTTOM_LAYER,0.00266458,0.00275852,-0.124471
1270.98,855.006,TOP_LAYER,BOTTOM_LAYER,0.00259087,0.00275204,-0.213526
1270.98,933.746,TOP_LAYER,BOTTOM_LAYER,0.00295108,0.00305105,-0.132452
1270.98,1012.49,TOP_LAYER,BOTTOM_LAYER,0.00339738,0.00343636,-0.0516485
1270.98,1091.23,TOP_LAYER,BOTTOM_LAYER,0.00371485,0.00372362,-0.0116186
1270.98,1169.97,TOP_LAYER,BOTTOM_LAYER,0.00385601,0.00385478,0.00162714
1268.19,1507.4,TOP_LAYER,BOTTOM_LAYER,0.0506515,0.0506317,0.0196206
1268.19,1802.67,TOP_LAYER,BOTTOM_LAYER,0.0533429,0.0526905,0.64342
1268.19,1940.47,TOP_LAYER,BOTTOM_LAYER,0.053627,0.0532453,0.376475
1268.19,2216.06,TOP_LAYER,BOTTOM_LAYER,0.0551785,0.0545749,0.59522
1268.19,2373.54,TOP_LAYER,BOTTOM_LAYER,0.0555717,0.0551182,0.447248
1268.19,2649.13,TOP_LAYER,BOTTOM_LAYER,0.0564659,0.0559287,0.529838
1268.19,2806.61,TOP_LAYER,BOTTOM_LAYER,0.0567389,0.0562299,0.501883
1268.19,3101.88,TOP_LAYER,BOTTOM_LAYER,0.0568849,0.0564325,0.446168
1268.19,3436.53,TOP_LAYER,BOTTOM_LAYER,0.00368857,0.00368868,-0.000105954
1317.41,395.192,TOP_LAYER,BOTTOM_LAYER,0.00351065,0.00355375,-0.0425095
1317.41,483.774,TOP_LAYER,BOTTOM_LAYER,0.00344935,0.00350246,-0.05237
1317.41,572.357,TOP_LAYER,BOTTOM_LAYER,0.00335646,0.00347568,-0.117569
1317.41,3436.53,TOP_LAYER,BOTTOM_LAYER,0.00368916,0.00368912,4.17991e-05
1317.41,3741.65,TOP_LAYER,BOTTOM_LAYER,0.00369063,0.00369054,8.75163e-05
1327.25,1507.4,TOP_LAYER,BOTTOM_LAYER,0.0506301,0.0505669,0.0623432
1327.25,1802.67,TOP_LAYER,BOTTOM_LAYER,0.0530772,0.0525608,0.50931
1327.25,1940.47,TOP_LAYER,BOTTOM_LAYER,0.0535004,0.0531512,0.344349
1327.25,2216.06,TOP_LAYER,BOTTOM_LAYER,0.0549389,0.0544535,0.478747
1327.25,2373.54,TOP_LAYER,BOTTOM_LAYER,0.0554544,0.0550331,0.415501
1327.25,2649.13,TOP_LAYER,BOTTOM_LAYER,0.0562418,0.0558167,0.419138
1327.25,2806.61,TOP_LAYER,BOTTOM_LAYER,0.0566156,0.0561454,0.463621
1327.25,3101.88,TOP_LAYER,BOTTOM_LAYER,0.0566638,0.0563332,0.326045
1327.25,3200.31,TOP_LAYER,BOTTOM_LAYER,0.0566848,0.0563811,0.299442
1349.72,697.526,TOP_LAYER,BOTTOM_LAYER,0.0029558,0.00299233,-0.0483959
1346.93,798.735,TOP_LAYER,BOTTOM_LAYER,0.0025108,0.00272164,-0.207913
1346.93,916.845,TOP_LAYER,BOTTOM_LAYER,0.00232416,0.00267707,-0.348016
1349.72,1012.49,TOP_LAYER,BOTTOM_LAYER,0.00353376,0.00359118,-0.0760797
1349.72,1091.23,TOP_LAYER,BOTTOM_LAYER,0.00390578,0.00391794,-0.0161169
1349.72,1169.97,TOP_LAYER,BOTTOM_LAYER,0.00405655,0.00405793,-0.00183484
1366.62,3436.53,TOP_LAYER,BOTTOM_LAYER,0.00369032,0.00368954,0.00077449
1394.41,840.332,TOP_LAYER,BOTTOM_LAYER,0,0.00176511,-5.49025
1386.3,1507.4,TOP_LAYER,BOTTOM_LAYER,0.0504525,0.0504932,-0.0400919
1386.3,1802.67,TOP_LAYER,BOTTOM_LAYER,0.0526533,0.0524314,0.218814
1386.3,1940.47,TOP_LAYER,BOTTOM_LAYER,0.0532241,0.0530514,0.17032
1386.3,2216.06,TOP_LAYER,BOTTOM_LAYER,0.0545951,0.0543312,0.260179
1386.3,2373.54,TOP_LAYER,BOTTOM_LAYER,0.0551865,0.0549365,0.246503
1386.3,2649.13,TOP_LAYER,BOTTOM_LAYER,0.0559434,0.0557076,0.232482
1386.3,2806.61,TOP_LAYER,BOTTOM_LAYER,0.056336,0.0560469,0.285085
1386.3,3101.88,TOP_LAYER,BOTTOM_LAYER,0.0563758,0.0562373,0.136592
1386.3,3200.31,TOP_LAYER,BOTTOM_LAYER,0.0563796,0.0562951,0.0832983
1386.3,3662.91,TOP_LAYER,BOTTOM_LAYER,0.00369252,0.00369215,0.00036225
1405.99,798.735,TOP_LAYER,BOTTOM_LAYER,0.0025032,0.00277954,-0.27251
1405.99,916.845,TOP_LAYER,BOTTOM_LAYER,0.00203971,0.00259847,-0.551006
1428.46,697.526,TOP_LAYER,BOTTOM_LAYER,0.003175,0.00323161,-0.0750056
1428.46,1012.49,TOP_LAYER,BOTTOM_LAYER,0.00394906,0.00399096,-0.0555234
1428.46,1091.23,TOP_LAYER,BOTTOM_LAYER,0.00430438,0.00430424,0.000184178
1428.46,1169.97,TOP_LAYER,BOTTOM_LAYER,0.00443941,0.00443295,0.00855649
1445.36,3200.31,TOP_LAYER,BOTTOM_LAYER,0.0562456,0.0561224,0.121456
1504.41,483.774,TOP_LAYER,BOTTOM_LAYER,0.00355133,0.0035737,-0.0220523
1507.2,697.526,TOP_LAYER,BOTTOM_LAYER,0.00355352,0.00359831,-0.0593375
1507.2,776.266,TOP_LAYER,BOTTOM_LAYER,0.00358054,0.00365094,-0.0932774
1507.2,855.006,TOP_LAYER,BOTTOM_LAYER,0.00374066,0.00382695,-0.114336
1507.2,933.746,TOP_LAYER,BOTTOM_LAYER,0.00424072,0.00424314,-0.00321032
1507.2,1012.49,TOP_LAYER,BOTTOM_LAYER,0.00468567,0.00463828,0.0627901
1507.2,1091.23,TOP_LAYER,BOTTOM_LAYER,0.00491599,0.00487171,0.0586695
1507.2,1169.97,TOP_LAYER,BOTTOM_LAYER,0.00499025,0.00495898,0.0414202
1583.15,483.774,TOP_LAYER,BOTTOM_LAYER,0.00360517,0.0036191,-0.0137335
1585.94,697.526,TOP_LAYER,BOTTOM_LAYER,0.00389581,0.00395246,-0.0750535
1585.94,776.266,TOP_LAYER,BOTTOM_LAYER,0.00424353,0.00420399,0.0523835
1585.94,855.006,TOP_LAYER,BOTTOM_LAYER,0.00474916,0.00459983,0.197851
1585.94,933.746,TOP_LAYER,BOTTOM_LAYER,0.0053768,0.00508429,0.387532
1585.94,1012.49,TOP_LAYER,BOTTOM_LAYER,0.00570083,0.00542872,0.360508
1585.94,1091.23,TOP_LAYER,BOTTOM_LAYER,0.00571225,0.00555837,0.203866
1585.94,1169.97,TOP_LAYER,BOTTOM_LAYER,0.0056472,0.00555676,0.119812
1622.52,582.2,TOP_LAYER,BOTTOM_LAYER,11.979,11.979,3.15309e-11
1622.52,3613.7,TOP_LAYER,BOTTOM_LAYER,0.00369643,0.0036972,-0.000764847
1629.58,1116.48,TOP_LAYER,BOTTOM_LAYER,0.00620882,0.00588434,0.210068
1629.58,1185.38,TOP_LAYER,BOTTOM_LAYER,0.00599475,0.00579486,0.129401
1652.05,1241.65,TOP_LAYER,BOTTOM_LAYER,0.047987,0.0478019,0.182533
1664.68,776.266,TOP_LAYER,BOTTOM_LAYER,0.00474837,0.00458099,0.221761
1664.68,855.006,TOP_LAYER,BOTTOM_LAYER,0.00560664,0.00514626,0.60995
1664.68,933.746,TOP_LAYER,BOTTOM_LAYER,0.00713886,0.0058721,1.67831
1664.68,1012.49,TOP_LAYER,BOTTOM_LAYER,0.00727883,0.00624457,1.37027
1668.95,1077.11,TOP_LAYER,BOTTOM_LAYER,0.00702636,0.00623604,0.511641
1668.95,1155.85,TOP_LAYER,BOTTOM_LAYER,0.00652074,0.00609501,0.27561
1681.58,3741.65,TOP_LAYER,BOTTOM_LAYER,0.0036971,0.00369751,-0.00041136
1691.42,1212.12,TOP_LAYER,BOTTOM_LAYER,0.0473363,0.0472829,0.0527054
1708.32,1116.48,TOP_LAYER,BOTTOM_LAYER,0.0073729,0.00641855,0.617828
1720.95,3200.31,TOP_LAYER,BOTTOM_LAYER,0.055557,0.0555324,0.0242653
1730.79,1182.59,TOP_LAYER,BOTTOM_LAYER,0.0465895,0.0464659,0.121912
1740.64,3672.75,TOP_LAYER,BOTTOM_LAYER,0.00369955,0.00369879,0.000743654
1747.19,1075.2,TOP_LAYER,BOTTOM_LAYER,0.00892395,0.00667566,1.4555
1770.16,1143.22,TOP_LAYER,BOTTOM_LAYER,0.0458556,0.0461336,-0.274178
1770.16,3436.53,TOP_LAYER,BOTTOM_LAYER,0.00370043,0.00369998,0.000444711
1780.01,3200.31,TOP_LAYER,BOTTOM_LAYER,0.0554495,0.0554313,0.0179019
1799.69,641.255,TOP_LAYER,BOTTOM_LAYER,0.00383163,0.0040604,-0.225594
1799.69,838.105,TOP_LAYER,BOTTOM_LAYER,0.0416613,0.0417722,-0.109362
1796.91,880.259,TOP_LAYER,BOTTOM_LAYER,0.0417317,0.0419571,-0.145868
1796.91,919.629,TOP_LAYER,BOTTOM_LAYER,0.0419648,0.0422291,-0.171103
1796.91,958.999,TOP_LAYER,BOTTOM_LAYER,0.0422792,0.0425864,-0.198892
1796.91,998.369,TOP_LAYER,BOTTOM_LAYER,0.042725,0.0430446,-0.206916
1796.91,1037.74,TOP_LAYER,BOTTOM_LAYER,0.0433204,0.0436271,-0.198539
1796.91,1077.11,TOP_LAYER,BOTTOM_LAYER,0.0440994,0.044391,-0.188728
1796.91,1116.48,TOP_LAYER,BOTTOM_LAYER,0.0449051,0.0451986,-0.19004
1819.38,3436.53,TOP_LAYER,BOTTOM_LAYER,0.00370084,0.00370053,0.000313915
1819.38,3741.65,TOP_LAYER,BOTTOM_LAYER,0.0036988,0.00369912,-0.000317057
1841.84,805.794,TOP_LAYER,BOTTOM_LAYER,0.0414861,0.0416329,-0.194514
1839.06,3200.31,TOP_LAYER,BOTTOM_LAYER,0.055407,0.05539,0.0168278
1868.59,3436.53,TOP_LAYER,BOTTOM_LAYER,0.00370131,0.00370104,0.000272451
1891.06,786.109,TOP_LAYER,BOTTOM_LAYER,0.0413794,0.0415568,-0.235056
1885.49,831.046,TOP_LAYER,BOTTOM_LAYER,0.0413236,0.0416783,-0.229589
1898.12,3200.31,TOP_LAYER,BOTTOM_LAYER,0.0553457,0.0553261,0.0193453
1898.12,3633.38,TOP_LAYER,BOTTOM_LAYER,0.00370101,0.00370073,0.000274935
1907.96,3269.21,TOP_LAYER,BOTTOM_LAYER,0.00370283,0.00370269,0.000138917
1915.02,831.046,TOP_LAYER,BOTTOM_LAYER,0.0410788,0.0415709,-0.318552
1940.27,786.109,TOP_LAYER,BOTTOM_LAYER,0.0411459,0.0413729,-0.300701
1944.54,831.046,TOP_LAYER,BOTTOM_LAYER,0.0408534,0.0414469,-0.384213
1957.17,3692.44,TOP_LAYER,BOTTOM_LAYER,0.00370131,0.00370108,0.000225568
1989.48,786.109,TOP_LAYER,BOTTOM_LAYER,0.0411653,0.0413298,-0.217985
1989.48,835.321,TOP_LAYER,BOTTOM_LAYER,0.041052,0.0413617,-0.410349
2003.6,880.259,TOP_LAYER,BOTTOM_LAYER,0.0407802,0.0415329,-0.487274
2003.6,958.999,TOP_LAYER,BOTTOM_LAYER,0.0411732,0.0420656,-0.577673
2003.6,1037.74,TOP_LAYER,BOTTOM_LAYER,0.0419971,0.0429223,-0.598903
2003.6,1116.48,TOP_LAYER,BOTTOM_LAYER,0.0436639,0.0440559,-0.253738
2003.6,1195.22,TOP_LAYER,BOTTOM_LAYER,0.0450144,0.0451776,-0.105597
2003.6,1273.96,TOP_LAYER,BOTTOM_LAYER,0.0461145,0.0462153,-0.0652023
2035.91,739.68,TOP_LAYER,BOTTOM_LAYER,0.00393639,0.00394562,-0.00909533
2038.69,835.321,TOP_LAYER,BOTTOM_LAYER,0.0411635,0.0413814,-0.288803
2035.91,1920.78,TOP_LAYER,BOTTOM_LAYER,0.05168,0.0516875,-0.00740213
2035.91,1979.84,TOP_LAYER,BOTTOM_LAYER,0.0519033,0.0519058,-0.00247379
2035.91,2038.89,TOP_LAYER,BOTTOM_LAYER,0.0523244,0.0523208,0.00353394
2035.91,2097.95,TOP_LAYER,BOTTOM_LAYER,0.0525237,0.0525168,0.00679734
2035.91,2157,TOP_LAYER,BOTTOM_LAYER,0.0529011,0.052886,0.014844
2035.91,2609.76,TOP_LAYER,BOTTOM_LAYER,0.0544622,0.0544372,0.0246296
2035.91,2668.81,TOP_LAYER,BOTTOM_LAYER,0.0546541,0.0546353,0.0185472
2035.91,2727.87,TOP_LAYER,BOTTOM_LAYER,0.0547413,0.0547234,0.0176229
2035.91,2786.92,TOP_LAYER,BOTTOM_LAYER,0.0548975,0.0548788,0.0184121
2035.91,2845.98,TOP_LAYER,BOTTOM_LAYER,0.0549668,0.0549457,0.0208144
2048.54,894.376,TOP_LAYER,BOTTOM_LAYER,0.0412729,0.0416768,-0.535095
2048.54,943.589,TOP_LAYER,BOTTOM_LAYER,0.0415683,0.0419429,-0.49634
2048.54,992.802,TOP_LAYER,BOTTOM_LAYER,0.0419179,0.0423278,-0.54302
2048.54,1042.01,TOP_LAYER,BOTTOM_LAYER,0.0424235,0.0428053,-0.505883
2048.54,1091.23,TOP_LAYER,BOTTOM_LAYER,0.0437392,0.0439473,-0.275732
2048.54,1140.44,TOP_LAYER,BOTTOM_LAYER,0.0443952,0.0445214,-0.16712
2048.54,1189.65,TOP_LAYER,BOTTOM_LAYER,0.0450047,0.0450841,-0.105201
2048.54,1238.86,TOP_LAYER,BOTTOM_LAYER,0.0455645,0.0456284,-0.0847339
2048.54,1288.08,TOP_LAYER,BOTTOM_LAYER,0.0465693,0.0466288,-0.0789207
2045.75,3485.74,TOP_LAYER,BOTTOM_LAYER,0.00370256,0.0037029,-0.000337455
2063.2,603.228,TOP_LAYER,BOTTOM_LAYER,0.00374884,0.00379564,-0.0461536
2065.44,395.192,TOP_LAYER,BOTTOM_LAYER,0.00369987,0.00365731,0.0419711
2065.44,483.774,TOP_LAYER,BOTTOM_LAYER,0.00373067,0.00377809,-0.0467624
2104.81,808.577,TOP_LAYER,BOTTOM_LAYER,0.00393291,0.00393493,-0.00199278
2104.81,887.318,TOP_LAYER,BOTTOM_LAYER,0.00391604,0.00390905,0.00689531
2104.81,3544.8,TOP_LAYER,BOTTOM_LAYER,0.00370235,0.00370303,-0.000669035
2134.34,680.625,TOP_LAYER,BOTTOM_LAYER,0.00375133,0.00377629,-0.024613
2134.34,3160.94,TOP_LAYER,BOTTOM_LAYER,0.00370752,0.00370777,-0.00024439
2176.49,2528.23,TOP_LAYER,BOTTOM_LAYER,0.00371735,0.00371993,-0.00341749
2183.55,1261.33,TOP_LAYER,BOTTOM_LAYER,0.00376431,0.00378076,-0.016225
2183.55,2403.07,TOP_LAYER,BOTTOM_LAYER,0.00372655,0.00372476,0.0017683
2218.92,1837.77,TOP_LAYER,BOTTOM_LAYER,0.00373795,0.0037397,-0.00297632
2252.45,3584.17,TOP_LAYER,BOTTOM_LAYER,0.00370419,0.00370427,-7.90348e-05
2370.56,651.097,TOP_LAYER,BOTTOM_LAYER,0.00373482,0.00375529,-0.0201816
2370.56,3371.57,TOP_LAYER,BOTTOM_LAYER,0.00370909,0.00370723,0.0018354
2447.92,1038.7,TOP_LAYER,BOTTOM_LAYER,0.00374468,0.00374909,-0.00434018
2447.92,1511.14,TOP_LAYER,BOTTOM_LAYER,0.00374025,0.00374091,-0.00064677
2447.92,1983.58,TOP_LAYER,BOTTOM_LAYER,0.00373402,0.0037342,-0.000170713
2468.98,651.097,TOP_LAYER,BOTTOM_LAYER,0.00372809,0.00371758,0.0103641
2557.56,1251.49,TOP_LAYER,BOTTOM_LAYER,0.00374241,0.00374431,-0.00187909
2557.56,1723.93,TOP_LAYER,BOTTOM_LAYER,0.00373779,0.00373791,-0.000116259
2644.77,782.791,TOP_LAYER,BOTTOM_LAYER,0.00373299,0.00372932,0.00361828
2644.77,1255.23,TOP_LAYER,BOTTOM_LAYER,0.00374028,0.00373638,0.00384521
2644.77,1727.67,TOP_LAYER,BOTTOM_LAYER,0.00373741,0.00373611,0.00128011
2724.89,897.16,TOP_LAYER,BOTTOM_LAYER,0.00373386,0.00373192,0.00190833
2724.89,1369.6,TOP_LAYER,BOTTOM_LAYER,0.00373694,0.00373568,0.00123535
2724.89,1842.04,TOP_LAYER,BOTTOM_LAYER,0.00373611,0.00373567,0.000438819
